"Track title","Track release date","Track label","Track genre","Track subgenre 1","Track subgenre 2","Track artists","Viberate rank 1w","Viberate rank 1m","Viberate rank 3m","Viberate rank 12m","Viberate rank Alltime","Viberate score 1w","Viberate score 1m","Viberate score 3m","Viberate score 12m","Viberate score Alltime","Spotify streams 1w","Spotify streams 1m","Spotify streams 3m","Spotify streams 12m","Spotify streams Alltime","Youtube views 1w","Youtube views 1m","Youtube views 3m","Youtube views 12m","Youtube views Alltime","Airplay spins 1w","Airplay spins 1m","Airplay spins 3m","Airplay spins 12m","Airplay spins Alltime","Soundcloud plays 1w","Soundcloud plays 1m","Soundcloud plays 3m","Soundcloud plays 12m","Soundcloud plays Alltime","Shazam shazams 1w","Shazam shazams 1m","Shazam shazams 3m","Shazam shazams 12m","Shazam shazams Alltime"
"Creep","1992-09-21","N/A","Rock","N/A","N/A","Radiohead","N/A","N/A","N/A","N/A","28","N/A","N/A","N/A","N/A","866874668.445","N/A","N/A","N/A","696392725","2812960239","N/A","N/A","N/A","301699211","1833814514","N/A","N/A","N/A","234165","N/A","N/A","N/A","N/A","1192038","3924576","N/A","N/A","N/A","0","11899160"
"In the End","2000-01-01","N/A","Rock","N/A","N/A","Linkin Park","N/A","N/A","N/A","N/A","53","N/A","N/A","N/A","N/A","720784685.2449999","N/A","N/A","N/A","563732231","3097435966","N/A","N/A","N/A","246103813","2427591365","N/A","N/A","N/A","219355","N/A","N/A","N/A","N/A","3421","165645","N/A","N/A","N/A","N/A","N/A"
"Somewhere Only We Know","2004-01-01","N/A","Rock","N/A","N/A","Keane","N/A","N/A","N/A","N/A","81","N/A","N/A","N/A","N/A","621819528.955","N/A","N/A","N/A","508713352","2487270336","N/A","N/A","N/A","246601858","1330432598","N/A","N/A","N/A","157481","N/A","N/A","N/A","N/A","329691","1554365","N/A","N/A","N/A","N/A","N/A"
"Numb","2003-03-24","N/A","Rock","N/A","N/A","Linkin Park","N/A","N/A","N/A","N/A","86","N/A","N/A","N/A","N/A","612985804.38","N/A","N/A","N/A","469373376","2685452265","N/A","N/A","N/A","225393787","2818404626","N/A","N/A","N/A","180569","N/A","N/A","N/A","N/A","6737070","20252855","N/A","N/A","N/A","N/A","N/A"
"Bring Me To Life","2003-03-04","N/A","Rock","N/A","N/A","Evanescence","N/A","N/A","N/A","N/A","87","N/A","N/A","N/A","N/A","611915077.2349999","N/A","N/A","N/A","466966992","1922842118","N/A","N/A","N/A","213012540","2085628824","N/A","N/A","N/A","235251","N/A","N/A","N/A","N/A","563823","7952204","N/A","N/A","N/A","0","13821366"
"Feel Good Inc.","2005-05-23","N/A","Rock","N/A","N/A","Gorillaz, De La Soul","N/A","N/A","N/A","N/A","90","N/A","N/A","N/A","N/A","609860823.305","N/A","N/A","N/A","543148513","2316406857","N/A","N/A","N/A","302457720","1802176404","N/A","N/A","N/A","166343","N/A","N/A","N/A","N/A","876337","2783861","N/A","N/A","N/A","N/A","N/A"
"What's Up?","1992-01-01","N/A","Rock","N/A","N/A","4 Non Blondes","N/A","N/A","N/A","N/A","120","N/A","N/A","N/A","N/A","559084932.715","N/A","N/A","N/A","257501096","1356655276","N/A","N/A","N/A","288493150","2376815388","N/A","N/A","N/A","425064","N/A","N/A","N/A","N/A","36956","113569","N/A","N/A","N/A","0","18215290"
"With Or Without You - Remastered","1987-03-03","N/A","Rock","N/A","N/A","U2","N/A","N/A","N/A","N/A","138","N/A","N/A","N/A","N/A","540214154.6399999","N/A","N/A","N/A","204254373","1416050057","N/A","N/A","N/A","129671287","792637625","N/A","N/A","N/A","398992","N/A","N/A","N/A","N/A","129587","525134","N/A","N/A","N/A","N/A","N/A"
"Losing My Religion","1991-03-12","N/A","Rock","N/A","N/A","R.E.M.","N/A","N/A","N/A","N/A","148","N/A","N/A","N/A","N/A","524508939.485","N/A","N/A","N/A","5212362","20555380","N/A","N/A","N/A","144605679","1738739607","N/A","N/A","N/A","478652","N/A","N/A","N/A","N/A","7315","350874","N/A","N/A","N/A","N/A","N/A"
"Mr. Brightside","2004-01-01","N/A","Rock","N/A","N/A","The Killers","N/A","N/A","N/A","N/A","171","N/A","N/A","N/A","N/A","501586717.42499995","N/A","N/A","N/A","522211460","3119569398","N/A","N/A","N/A","41369992","763122338","N/A","N/A","N/A","198992","N/A","N/A","N/A","N/A","109743","356892","N/A","N/A","N/A","22194","9545463"
"Come As You Are - Remastered 2021","1991-09-24","N/A","Rock","N/A","N/A","Nirvana","N/A","N/A","N/A","N/A","182","N/A","N/A","N/A","N/A","485647127.91499984","N/A","N/A","N/A","403105447","1993276365","N/A","N/A","N/A","98898604","840572668","N/A","N/A","N/A","256186","N/A","N/A","N/A","N/A","3535161","23759847","N/A","N/A","N/A","30387","6128245"
"Zombie","1994-10-01","N/A","Rock","N/A","N/A","The Cranberries","N/A","N/A","N/A","N/A","207","N/A","N/A","N/A","N/A","463552198.78","N/A","N/A","N/A","279784680","1737261892","N/A","N/A","N/A","208460435","2378488021","N/A","N/A","N/A","253485","N/A","N/A","N/A","N/A","105558","2789806","N/A","N/A","N/A","N/A","N/A"
"Smells Like Teen Spirit - Remastered 2021","1991-09-24","N/A","Rock","N/A","N/A","Nirvana","N/A","N/A","N/A","N/A","223","N/A","N/A","N/A","N/A","450085849.60999995","N/A","N/A","N/A","458001597","2839648381","N/A","N/A","N/A","4496182","81617956","N/A","N/A","N/A","321884","N/A","N/A","N/A","N/A","N/A","N/A","N/A","N/A","N/A","69385","14231500"
"Let Down","1997-05-26","N/A","Rock","N/A","N/A","Radiohead","N/A","N/A","N/A","N/A","283","N/A","N/A","N/A","N/A","414458802.02","N/A","N/A","N/A","533921071","740826451","N/A","N/A","N/A","12534460","91983998","N/A","N/A","N/A","8842","N/A","N/A","N/A","N/A","N/A","N/A","N/A","N/A","N/A","0","902396"
"How You Remind Me","2001-09-11","N/A","Rock","N/A","N/A","Nickelback","N/A","N/A","N/A","N/A","315","N/A","N/A","N/A","N/A","395711576.485","N/A","N/A","N/A","317812389","1688843140","N/A","N/A","N/A","90264465","1132494411","N/A","N/A","N/A","244867","N/A","N/A","N/A","N/A","2187045","7661474","N/A","N/A","N/A","0","10869063"
"The Reason","2003-12-09","N/A","Rock","N/A","N/A","Hoobastank","N/A","N/A","N/A","N/A","345","N/A","N/A","N/A","N/A","379353249.97999996","N/A","N/A","N/A","259574614","1485210442","N/A","N/A","N/A","132004746","1571103107","N/A","N/A","N/A","224617","N/A","N/A","N/A","N/A","N/A","N/A","N/A","N/A","N/A","N/A","N/A"
"Beggin'","2017-12-08","N/A","Rock","N/A","N/A","Måneskin","N/A","N/A","N/A","N/A","353","N/A","N/A","N/A","N/A","375385008.185","N/A","N/A","N/A","295815487","2168181309","N/A","N/A","N/A","100632254","946876142","N/A","N/A","N/A","213707","N/A","N/A","N/A","N/A","691705","940830","N/A","N/A","N/A","0","15213509"
"The Emptiness Machine","2024-09-05","N/A","Rock","N/A","N/A","Linkin Park","N/A","N/A","N/A","N/A","364","N/A","N/A","N/A","N/A","372034089.545","N/A","N/A","N/A","296713036","823908780","N/A","N/A","N/A","123149295","287543200","N/A","N/A","N/A","175635","N/A","N/A","N/A","N/A","38978","3235323","N/A","N/A","N/A","0","2257919"
"What I've Done","2007-04-06","N/A","Rock","N/A","N/A","Linkin Park","N/A","N/A","N/A","N/A","368","N/A","N/A","N/A","N/A","370844018.4","N/A","N/A","N/A","304059138","1380328799","N/A","N/A","N/A","121502434","990880671","N/A","N/A","N/A","86047","N/A","N/A","N/A","N/A","2911863","2921979","N/A","N/A","N/A","N/A","N/A"
"Somewhere I Belong","2003-03-24","N/A","Rock","N/A","N/A","Linkin Park","N/A","N/A","N/A","N/A","371","N/A","N/A","N/A","N/A","369603509.99999994","N/A","N/A","N/A","350575656","1033432752","N/A","N/A","N/A","88704307","517357882","N/A","N/A","N/A","40717","N/A","N/A","N/A","N/A","5239875","5445473","N/A","N/A","N/A","N/A","N/A"
"Like a Stone","2002-11-17","N/A","Rock","N/A","N/A","Audioslave","N/A","N/A","N/A","N/A","379","N/A","N/A","N/A","N/A","367659935.88","N/A","N/A","N/A","251187479","1100596446","N/A","N/A","N/A","162174694","1515479125","N/A","N/A","N/A","109777","N/A","N/A","N/A","N/A","129","170451","N/A","N/A","N/A","N/A","N/A"
"Enjoy the Silence - Single Mix","1990-11-26","N/A","Rock","N/A","N/A","Depeche Mode, Daniel Miller","N/A","N/A","N/A","N/A","397","N/A","N/A","N/A","N/A","360959304.555","N/A","N/A","N/A","8726844","137117504","N/A","N/A","N/A","114895143","1195361397","N/A","N/A","N/A","376062","N/A","N/A","N/A","N/A","158835","983237","N/A","N/A","N/A","N/A","N/A"
"Linger","1993-03-01","N/A","Rock","N/A","N/A","The Cranberries","N/A","N/A","N/A","N/A","445","N/A","N/A","N/A","N/A","346841983.7049999","N/A","N/A","N/A","311652482","1314443894","N/A","N/A","N/A","61502334","590583720","N/A","N/A","N/A","191703","N/A","N/A","N/A","N/A","N/A","N/A","N/A","N/A","N/A","N/A","N/A"
"My Love Mine All Mine","2023-09-15","N/A","Rock","N/A","N/A","Mitski","N/A","N/A","N/A","N/A","469","N/A","N/A","N/A","N/A","341145359.81000006","N/A","N/A","N/A","361313435","1921523136","N/A","N/A","N/A","76058567","233018728","N/A","N/A","N/A","33139","N/A","N/A","N/A","N/A","2716478","13903069","N/A","N/A","N/A","0","3420523"
"Heart-Shaped Box","1993-09-21","N/A","Rock","N/A","N/A","Nirvana","N/A","N/A","N/A","N/A","491","N/A","N/A","N/A","N/A","333455667.80500007","N/A","N/A","N/A","186963314","1082684329","N/A","N/A","N/A","26133766","362736688","N/A","N/A","N/A","86415","N/A","N/A","N/A","N/A","1653574","14416525","N/A","N/A","N/A","10556","2247704"
"Where Is My Mind? - Remastered","1988-03-21","N/A","Rock","N/A","N/A","PIXIES","N/A","N/A","N/A","N/A","514","N/A","N/A","N/A","N/A","326645895.965","N/A","N/A","N/A","183424028","1239692107","N/A","N/A","N/A","29677197","209810900","N/A","N/A","N/A","80652","N/A","N/A","N/A","N/A","370016","1906573","N/A","N/A","N/A","N/A","N/A"
"Clint Eastwood","2001-03-26","N/A","Rock","N/A","N/A","Gorillaz, Del the Funky Homosapien","N/A","N/A","N/A","N/A","524","N/A","N/A","N/A","N/A","324255335.845","N/A","N/A","N/A","214778259","1154690621","N/A","N/A","N/A","184720314","1442070960","N/A","N/A","N/A","106519","N/A","N/A","N/A","N/A","288851","1926776","N/A","N/A","N/A","12839","7619204"
"Faint","2003-03-24","N/A","Rock","N/A","N/A","Linkin Park","N/A","N/A","N/A","N/A","553","N/A","N/A","N/A","N/A","316571860.495","N/A","N/A","N/A","306627565","1296106267","N/A","N/A","N/A","76627099","609492760","N/A","N/A","N/A","40775","N/A","N/A","N/A","N/A","532852","1134630","N/A","N/A","N/A","N/A","N/A"
"It Ain't Over 'Til It's Over","1991-04-02","N/A","Rock","N/A","N/A","Lenny Kravitz","N/A","N/A","N/A","N/A","562","N/A","N/A","N/A","N/A","313813585.87","N/A","N/A","N/A","157944840","574357426","N/A","N/A","N/A","16271585","144943686","N/A","N/A","N/A","163564","N/A","N/A","N/A","N/A","86104","246194","N/A","N/A","N/A","N/A","N/A"
"Everlong","1997-05-20","N/A","Rock","N/A","N/A","Foo Fighters","N/A","N/A","N/A","N/A","587","N/A","N/A","N/A","N/A","307907297.89","N/A","N/A","N/A","268832700","1679982350","N/A","N/A","N/A","54757136","489565093","N/A","N/A","N/A","150058","N/A","N/A","N/A","N/A","516074","2429875","N/A","N/A","N/A","0","4915817"
"Given Up","2007-05-11","N/A","Rock","N/A","N/A","Linkin Park","N/A","N/A","N/A","N/A","606","N/A","N/A","N/A","N/A","302510296.735","N/A","N/A","N/A","166403037","564104441","N/A","N/A","N/A","45267984","232739896","N/A","N/A","N/A","9844","N/A","N/A","N/A","N/A","853841","1151326","N/A","N/A","N/A","N/A","N/A"
"The Kill","2005-01-01","N/A","Rock","N/A","N/A","Thirty Seconds To Mars","N/A","N/A","N/A","N/A","621","N/A","N/A","N/A","N/A","299737492.625","N/A","N/A","N/A","166543099","913421270","N/A","N/A","N/A","36441117","370796966","N/A","N/A","N/A","44656","N/A","N/A","N/A","N/A","353352","1521036","N/A","N/A","N/A","N/A","N/A"
"No Surprises","1997-05-28","N/A","Rock","N/A","N/A","Radiohead","N/A","N/A","N/A","N/A","649","N/A","N/A","N/A","N/A","294377990.70000005","N/A","N/A","N/A","373351105","1311130939","N/A","N/A","N/A","3175721","16974532","N/A","N/A","N/A","33422","N/A","N/A","N/A","N/A","N/A","N/A","N/A","N/A","N/A","0","4154905"
"Decode","2008-11-04","N/A","Rock","N/A","N/A","Paramore","N/A","N/A","N/A","N/A","713","N/A","N/A","N/A","N/A","281003165.9050001","N/A","N/A","N/A","152320606","508133637","N/A","N/A","N/A","53735032","605366474","N/A","N/A","N/A","615","N/A","N/A","N/A","N/A","635496","1140443","N/A","N/A","N/A","N/A","N/A"
"Psycho Killer - 2005 Remaster","1977-09-16","N/A","Rock","N/A","N/A","Talking Heads","N/A","N/A","N/A","N/A","731","N/A","N/A","N/A","N/A","279179843.36499995","N/A","N/A","N/A","105836011","706343974","N/A","N/A","N/A","15233004","383914636","N/A","N/A","N/A","95721","N/A","N/A","N/A","N/A","70011","392460","N/A","N/A","N/A","N/A","N/A"
"Here Without You","2002-01-01","N/A","Rock","N/A","N/A","3 Doors Down","N/A","N/A","N/A","N/A","775","N/A","N/A","N/A","N/A","272022769.71999997","N/A","N/A","N/A","157768661","932108613","N/A","N/A","N/A","103226319","1222048680","N/A","N/A","N/A","194883","N/A","N/A","N/A","N/A","83340","271536","N/A","N/A","N/A","0","7689665"
"Animal I Have Become","2006-03-13","N/A","Rock","N/A","N/A","Three Days Grace","N/A","N/A","N/A","N/A","782","N/A","N/A","N/A","N/A","271432499.325","N/A","N/A","N/A","279155288","1017231519","N/A","N/A","N/A","66943569","420246291","N/A","N/A","N/A","31850","N/A","N/A","N/A","N/A","787471","2705364","N/A","N/A","N/A","N/A","N/A"
"Chasing Cars","2006-01-01","N/A","Rock","N/A","N/A","Snow Patrol","N/A","N/A","N/A","N/A","787","N/A","N/A","N/A","N/A","270561917.47","N/A","N/A","N/A","234769678","1759089477","N/A","N/A","N/A","38749595","671843991","N/A","N/A","N/A","196711","N/A","N/A","N/A","N/A","302202","1919088","N/A","N/A","N/A","N/A","N/A"
"Wherever You Will Go","2001-01-01","N/A","Rock","N/A","N/A","The Calling","N/A","N/A","N/A","N/A","799","N/A","N/A","N/A","N/A","268184206.55499998","N/A","N/A","N/A","189520680","984847484","N/A","N/A","N/A","72968368","901946158","N/A","N/A","N/A","205587","N/A","N/A","N/A","N/A","N/A","N/A","N/A","N/A","N/A","N/A","N/A"
"Boys Don't Cry","1979-05-11","N/A","Rock","N/A","N/A","The Cure","N/A","N/A","N/A","N/A","832","N/A","N/A","N/A","N/A","262225927.87999994","N/A","N/A","N/A","243855164","1114374868","N/A","N/A","N/A","19365859","174768721","N/A","N/A","N/A","161428","N/A","N/A","N/A","N/A","327938","883318","N/A","N/A","N/A","N/A","N/A"
"Semi-Charmed Life","1997-04-08","N/A","Rock","N/A","N/A","Third Eye Blind","N/A","N/A","N/A","N/A","872","N/A","N/A","N/A","N/A","256333593.80499998","N/A","N/A","N/A","136617220","723949297","N/A","N/A","N/A","380292","40486202","N/A","N/A","N/A","148607","N/A","N/A","N/A","N/A","506580","1262512","N/A","N/A","N/A","0","3815514"
"Teenage Dirtbag","1999-02-15","N/A","Rock","N/A","N/A","Wheatus","N/A","N/A","N/A","N/A","879","N/A","N/A","N/A","N/A","254369592.70499998","N/A","N/A","N/A","248164040","1064467818","N/A","N/A","N/A","58981301","441282713","N/A","N/A","N/A","89418","N/A","N/A","N/A","N/A","N/A","N/A","N/A","N/A","N/A","N/A","N/A"
"I WANNA BE YOUR SLAVE","2021-03-19","N/A","Rock","N/A","N/A","Måneskin","N/A","N/A","N/A","N/A","889","N/A","N/A","N/A","N/A","253330010.64499998","N/A","N/A","N/A","205552365","1475789111","N/A","N/A","N/A","89359538","637404627","N/A","N/A","N/A","87218","N/A","N/A","N/A","N/A","409857","603548","N/A","N/A","N/A","0","7438107"
"Two Princes","1988-11-26","N/A","Rock","N/A","N/A","Spin Doctors","N/A","N/A","N/A","N/A","909","N/A","N/A","N/A","N/A","250628677.28499997","N/A","N/A","N/A","94433160","675256554","N/A","N/A","N/A","21074734","201555135","N/A","N/A","N/A","294578","N/A","N/A","N/A","N/A","210369","866641","N/A","N/A","N/A","0","7279299"
"I Hate Everything About You","2003-04-19","N/A","Rock","N/A","N/A","Three Days Grace","N/A","N/A","N/A","N/A","934","N/A","N/A","N/A","N/A","247703046.96999997","N/A","N/A","N/A","261212910","1214200583","N/A","N/A","N/A","43830667","550449985","N/A","N/A","N/A","42594","N/A","N/A","N/A","N/A","676361","2701324","N/A","N/A","N/A","N/A","N/A"
"My Immortal","2003-03-04","N/A","Rock","N/A","N/A","Evanescence","N/A","N/A","N/A","N/A","972","N/A","N/A","N/A","N/A","242146950.95000005","N/A","N/A","N/A","99144894","698051778","N/A","N/A","N/A","72482764","1319485563","N/A","N/A","N/A","94240","N/A","N/A","N/A","N/A","85953","552687","N/A","N/A","N/A","0","8276380"
"Dreams","1993-03-01","N/A","Rock","N/A","N/A","The Cranberries","N/A","N/A","N/A","N/A","995","N/A","N/A","N/A","N/A","239305476.06000003","N/A","N/A","N/A","4210","81994","N/A","N/A","N/A","45054044","369948791","N/A","N/A","N/A","178910","N/A","N/A","N/A","N/A","8704","465788","N/A","N/A","N/A","N/A","N/A"
"Monster","2009-07-14","N/A","Rock","N/A","N/A","Skillet","N/A","N/A","N/A","N/A","1065","N/A","N/A","N/A","N/A","229259823.355","N/A","N/A","N/A","221942893","1079535337","N/A","N/A","N/A","63405492","703245700","N/A","N/A","N/A","16422","N/A","N/A","N/A","N/A","1756247","2915436","N/A","N/A","N/A","N/A","N/A"
"One Step Closer","2000-01-01","N/A","Rock","N/A","N/A","Linkin Park","N/A","N/A","N/A","N/A","1095","N/A","N/A","N/A","N/A","225878559.54","N/A","N/A","N/A","241292806","1185067205","N/A","N/A","N/A","34979346","267103181","N/A","N/A","N/A","42974","N/A","N/A","N/A","N/A","8372","112791","N/A","N/A","N/A","N/A","N/A"
"Lover, You Should've Come Over","1994-01-01","N/A","Rock","N/A","N/A","Jeff Buckley","N/A","N/A","N/A","N/A","1098","N/A","N/A","N/A","N/A","225186981.33999997","N/A","N/A","N/A","267998065","489317000","N/A","N/A","N/A","20951708","40642976","N/A","N/A","N/A","5252","N/A","N/A","N/A","N/A","394852","600603","N/A","N/A","N/A","0","602285"
"The Sound of Silence","2015-08-14","N/A","Rock","N/A","N/A","Disturbed","N/A","N/A","N/A","N/A","1107","N/A","N/A","N/A","N/A","224076181.24","N/A","N/A","N/A","111309115","997672879","N/A","N/A","N/A","115463235","1504140352","N/A","N/A","N/A","148808","N/A","N/A","N/A","N/A","208528","2740509","N/A","N/A","N/A","N/A","N/A"
"On Melancholy Hill","2010-03-03","N/A","Rock","N/A","N/A","Gorillaz","N/A","N/A","N/A","N/A","1110","N/A","N/A","N/A","N/A","223962751.30999997","N/A","N/A","N/A","244632294","999749918","N/A","N/A","N/A","82585245","579278522","N/A","N/A","N/A","27219","N/A","N/A","N/A","N/A","4475","794331","N/A","N/A","N/A","N/A","N/A"
"Black Hole Sun","1994-01-01","N/A","Rock","N/A","N/A","Soundgarden","N/A","N/A","N/A","N/A","1112","N/A","N/A","N/A","N/A","223750994.935","N/A","N/A","N/A","807207","2639005","N/A","N/A","N/A","39523801","344152380","N/A","N/A","N/A","175349","N/A","N/A","N/A","N/A","528938","2501642","N/A","N/A","N/A","0","4351575"
"The Only Exception","2009-09-22","N/A","Rock","N/A","N/A","Paramore","N/A","N/A","N/A","N/A","1154","N/A","N/A","N/A","N/A","219024684.01000002","N/A","N/A","N/A","237837594","840702006","N/A","N/A","N/A","60775334","350490711","N/A","N/A","N/A","28615","N/A","N/A","N/A","N/A","191319","522732","N/A","N/A","N/A","4503","2150216"
"There Is a Light That Never Goes Out - 2011 Remaster","1986-06-16","N/A","Rock","N/A","N/A","The Smiths","N/A","N/A","N/A","N/A","1189","N/A","N/A","N/A","N/A","215685020.70500004","N/A","N/A","N/A","255943931","1056528370","N/A","N/A","N/A","4846321","59185115","N/A","N/A","N/A","48855","N/A","N/A","N/A","N/A","146215","3108862","N/A","N/A","N/A","0","2366464"
"Washing Machine Heart","2018-08-17","N/A","Rock","N/A","N/A","Mitski","N/A","N/A","N/A","N/A","1235","N/A","N/A","N/A","N/A","212599367.74000007","N/A","N/A","N/A","215731591","1184500324","N/A","N/A","N/A","60966046","242185160","N/A","N/A","N/A","3275","N/A","N/A","N/A","N/A","1886364","16061136","N/A","N/A","N/A","0","2505315"
"Everybody's Changing","2004-01-01","N/A","Rock","N/A","N/A","Keane","N/A","N/A","N/A","N/A","1269","N/A","N/A","N/A","N/A","209584514.025","N/A","N/A","N/A","147579523","753486321","N/A","N/A","N/A","68342212","579770919","N/A","N/A","N/A","129852","N/A","N/A","N/A","N/A","38418","202405","N/A","N/A","N/A","N/A","N/A"
"I Still Haven't Found What I'm Looking For","1982-11-26","N/A","Rock","N/A","N/A","U2","N/A","N/A","N/A","N/A","1273","N/A","N/A","N/A","N/A","208503940.27999997","N/A","N/A","N/A","126845217","961801450","N/A","N/A","N/A","25342606","270450038","N/A","N/A","N/A","301467","N/A","N/A","N/A","N/A","108990","424061","N/A","N/A","N/A","N/A","N/A"
"Somebody Told Me","2004-01-01","N/A","Rock","N/A","N/A","The Killers","N/A","N/A","N/A","N/A","1278","N/A","N/A","N/A","N/A","207934440.525","N/A","N/A","N/A","203232013","1185487561","N/A","N/A","N/A","14460450","263889804","N/A","N/A","N/A","124893","N/A","N/A","N/A","N/A","809358","5529799","N/A","N/A","N/A","9217","5866856"
"Friday I'm In Love","1992-01-01","N/A","Rock","N/A","N/A","The Cure","N/A","N/A","N/A","N/A","1319","N/A","N/A","N/A","N/A","204554364.925","N/A","N/A","N/A","149875036","1004408746","N/A","N/A","N/A","20786000","209243631","N/A","N/A","N/A","241747","N/A","N/A","N/A","N/A","61608","216506","N/A","N/A","N/A","N/A","N/A"
"Serana","2020-01-30","N/A","Rock","N/A","N/A","For revenge","N/A","N/A","N/A","N/A","1320","N/A","N/A","N/A","N/A","204415461.08","N/A","N/A","N/A","262261789","748216685","N/A","N/A","N/A","8501379","39499678","N/A","N/A","N/A","7626","N/A","N/A","N/A","N/A","N/A","N/A","N/A","N/A","N/A","0","80480"
"Crawling","2000-01-01","N/A","Rock","N/A","N/A","Linkin Park","N/A","N/A","N/A","N/A","1334","N/A","N/A","N/A","N/A","203255604.60000002","N/A","N/A","N/A","190040193","921235880","N/A","N/A","N/A","41313162","558417699","N/A","N/A","N/A","46723","N/A","N/A","N/A","N/A","2760","133900","N/A","N/A","N/A","N/A","N/A"
"You Get What You Give","1998-01-01","N/A","Rock","N/A","N/A","New Radicals","N/A","N/A","N/A","N/A","1378","N/A","N/A","N/A","N/A","199350645.195","N/A","N/A","N/A","150201603","703495279","N/A","N/A","N/A","25478091","230967602","N/A","N/A","N/A","206878","N/A","N/A","N/A","N/A","N/A","N/A","N/A","N/A","N/A","34024","9439563"
"DARE","2005-05-23","N/A","Rock","N/A","N/A","Gorillaz, Shaun Ryder, Roses Gabor","N/A","N/A","N/A","N/A","1406","N/A","N/A","N/A","N/A","196478919.96500003","N/A","N/A","N/A","190890776","747385979","N/A","N/A","N/A","81423504","533831724","N/A","N/A","N/A","40494","N/A","N/A","N/A","N/A","788410","1261952","N/A","N/A","N/A","0","2285098"
"Still into You","2013-03-14","N/A","Rock","N/A","N/A","Paramore","N/A","N/A","N/A","N/A","1408","N/A","N/A","N/A","N/A","196258218.55","N/A","N/A","N/A","220032968","1167212717","N/A","N/A","N/A","24204639","406440204","N/A","N/A","N/A","41844","N/A","N/A","N/A","N/A","909392","4037861","N/A","N/A","N/A","5805","4017048"
"Kryptonite","2000-01-01","N/A","Rock","N/A","N/A","3 Doors Down","N/A","N/A","N/A","N/A","1420","N/A","N/A","N/A","N/A","195100961.96499997","N/A","N/A","N/A","187437557","1285997339","N/A","N/A","N/A","57866474","700234280","N/A","N/A","N/A","4319","N/A","N/A","N/A","N/A","281210","3250959","N/A","N/A","N/A","0","5321355"
"Song 2 - 2012 Remaster","1997-02-10","N/A","Rock","N/A","N/A","Blur","N/A","N/A","N/A","N/A","1442","N/A","N/A","N/A","N/A","193188112.72500002","N/A","N/A","N/A","159754919","1226005867","N/A","N/A","N/A","23013083","252664695","N/A","N/A","N/A","175825","N/A","N/A","N/A","N/A","130831","384970","N/A","N/A","N/A","N/A","N/A"
"Black","1991-08-27","N/A","Rock","N/A","N/A","Pearl Jam","N/A","N/A","N/A","N/A","1446","N/A","N/A","N/A","N/A","193005298.32999998","N/A","N/A","N/A","172278653","696721851","N/A","N/A","N/A","39217838","437093048","N/A","N/A","N/A","87533","N/A","N/A","N/A","N/A","451508","1053194","N/A","N/A","N/A","0","3829834"
"Centuries","2015-01-16","N/A","Rock","N/A","N/A","Fall Out Boy","N/A","N/A","N/A","N/A","1568","N/A","N/A","N/A","N/A","183567895.72500002","N/A","N/A","N/A","173441142","1523622637","N/A","N/A","N/A","48577205","924125966","N/A","N/A","N/A","40430","N/A","N/A","N/A","N/A","146007","1160731","N/A","N/A","N/A","9689","5878723"
"The Middle","2001-07-17","N/A","Rock","N/A","N/A","Jimmy Eat World","N/A","N/A","N/A","N/A","1599","N/A","N/A","N/A","N/A","181559393.605","N/A","N/A","N/A","169308734","1305037213","N/A","N/A","N/A","14874100","178928328","N/A","N/A","N/A","132307","N/A","N/A","N/A","N/A","287988","1782416","N/A","N/A","N/A","0","5585454"
"De Música Ligera","1983-11-26","N/A","Rock","N/A","N/A","Soda Stereo","N/A","N/A","N/A","N/A","1605","N/A","N/A","N/A","N/A","180955056.58499998","N/A","N/A","N/A","125311431","765866294","N/A","N/A","N/A","70871286","685472594","N/A","N/A","N/A","84728","N/A","N/A","N/A","N/A","10296","39042","N/A","N/A","N/A","0","1352173"
"Killing In The Name","1992-01-01","N/A","Rock","N/A","N/A","Rage Against The Machine","N/A","N/A","N/A","N/A","1608","N/A","N/A","N/A","N/A","180839908.63","N/A","N/A","N/A","155608527","1211760253","N/A","N/A","N/A","42652969","393776190","N/A","N/A","N/A","88189","N/A","N/A","N/A","N/A","215740","3659469","N/A","N/A","N/A","N/A","N/A"
"All Star","1999-06-08","N/A","Rock","N/A","N/A","Smash Mouth","N/A","N/A","N/A","N/A","1636","N/A","N/A","N/A","N/A","178927269.53499997","N/A","N/A","N/A","132891077","1371999627","N/A","N/A","N/A","33253488","675196305","N/A","N/A","N/A","167394","N/A","N/A","N/A","N/A","N/A","N/A","N/A","N/A","N/A","0","7676361"
"Island In The Sun","2001-05-15","N/A","Rock","N/A","N/A","Weezer","N/A","N/A","N/A","N/A","1637","N/A","N/A","N/A","N/A","178867885.60500002","N/A","N/A","N/A","173708834","1090655810","N/A","N/A","N/A","18712362","192616081","N/A","N/A","N/A","95091","N/A","N/A","N/A","N/A","325232","2038700","N/A","N/A","N/A","11314","5573535"
"The Man Who Sold The World","1994-11-01","N/A","Rock","N/A","N/A","Nirvana","N/A","N/A","N/A","N/A","1648","N/A","N/A","N/A","N/A","178436357.71500003","N/A","N/A","N/A","107272560","641435205","N/A","N/A","N/A","81502580","786138311","N/A","N/A","N/A","85429","N/A","N/A","N/A","N/A","177754","1189649","N/A","N/A","N/A","8995","3679414"
"Duvet","2010-04-20","N/A","Rock","N/A","N/A","bôa","N/A","N/A","N/A","N/A","1721","N/A","N/A","N/A","N/A","173867805.825","N/A","N/A","N/A","204974953","1004788837","N/A","N/A","N/A","11215190","50505455","N/A","N/A","N/A","3908","N/A","N/A","N/A","N/A","N/A","N/A","N/A","N/A","N/A","0","3198908"
"Butterfly","1999-03-16","N/A","Rock","N/A","N/A","Crazy Town","N/A","N/A","N/A","N/A","1722","N/A","N/A","N/A","N/A","173853351.075","N/A","N/A","N/A","147902821","666941027","N/A","N/A","N/A","35199579","341991746","N/A","N/A","N/A","107607","N/A","N/A","N/A","N/A","N/A","N/A","N/A","N/A","N/A","N/A","N/A"
"Welcome to the Black Parade","2006-10-06","N/A","Rock","N/A","N/A","My Chemical Romance","N/A","N/A","N/A","N/A","1728","N/A","N/A","N/A","N/A","173541645","N/A","N/A","N/A","150509765","1037666539","N/A","N/A","N/A","49980960","469919748","N/A","N/A","N/A","52513","N/A","N/A","N/A","N/A","632575","13569907","N/A","N/A","N/A","N/A","N/A"
"Just Like Heaven","1987-01-01","N/A","Rock","N/A","N/A","The Cure","N/A","N/A","N/A","N/A","1798","N/A","N/A","N/A","N/A","169391568.005","N/A","N/A","N/A","140287967","714974375","N/A","N/A","N/A","23720635","185035850","N/A","N/A","N/A","135552","N/A","N/A","N/A","N/A","196549","1126054","N/A","N/A","N/A","N/A","N/A"
"BURN IT DOWN","2012-04-17","N/A","Rock","N/A","N/A","Linkin Park","N/A","N/A","N/A","N/A","1829","N/A","N/A","N/A","N/A","167502941.11","N/A","N/A","N/A","141956921","712891592","N/A","N/A","N/A","40512148","521134668","N/A","N/A","N/A","79531","N/A","N/A","N/A","N/A","2195","165454","N/A","N/A","N/A","N/A","N/A"
"Misery Business","2007-06-11","N/A","Rock","N/A","N/A","Paramore","N/A","N/A","N/A","N/A","1863","N/A","N/A","N/A","N/A","166081837.125","N/A","N/A","N/A","172395352","1131164141","N/A","N/A","N/A","20845971","327266721","N/A","N/A","N/A","53887","N/A","N/A","N/A","N/A","475221","1718944","N/A","N/A","N/A","5159","2391971"
"Up From the Bottom","2025-03-27","N/A","Rock","N/A","N/A","Linkin Park","N/A","N/A","N/A","N/A","1865","N/A","N/A","N/A","N/A","165764813.35","N/A","N/A","N/A","119966107","151721259","N/A","N/A","N/A","60748897","70741833","N/A","N/A","N/A","123391","N/A","N/A","N/A","N/A","13650","693311","N/A","N/A","N/A","0","32076"
"The Sound of Silence - CYRIL Remix","2024-02-02","N/A","Rock","N/A","N/A","Disturbed, CYRIL","N/A","N/A","N/A","N/A","1873","N/A","N/A","N/A","N/A","165527468.51999998","N/A","N/A","N/A","198883680","654716085","N/A","N/A","N/A","80889853","289517760","N/A","N/A","N/A","25335","N/A","N/A","N/A","N/A","384022","10472197","N/A","N/A","N/A","N/A","N/A"
"Eres","2003-07-01","N/A","Rock","N/A","N/A","Café Tacvba","N/A","N/A","N/A","N/A","1887","N/A","N/A","N/A","N/A","164970345.55499998","N/A","N/A","N/A","181691","4194769","N/A","N/A","N/A","80693788","759507408","N/A","N/A","N/A","39878","N/A","N/A","N/A","N/A","N/A","N/A","N/A","N/A","N/A","0","839334"
"Gives You Hell","2008-01-01","N/A","Rock","N/A","N/A","The All-American Rejects","N/A","N/A","N/A","N/A","1892","N/A","N/A","N/A","N/A","164676928.98499998","N/A","N/A","N/A","180341593","756344700","N/A","N/A","N/A","10911366","239828466","N/A","N/A","N/A","79740","N/A","N/A","N/A","N/A","266533","1614746","N/A","N/A","N/A","N/A","N/A"
"Even Flow","1991-08-27","N/A","Rock","N/A","N/A","Pearl Jam","N/A","N/A","N/A","N/A","1939","N/A","N/A","N/A","N/A","162033301.975","N/A","N/A","N/A","140641230","848831814","N/A","N/A","N/A","21170852","218444932","N/A","N/A","N/A","125517","N/A","N/A","N/A","N/A","11170","86053","N/A","N/A","N/A","0","2871005"
"Papercut","2000-01-01","N/A","Rock","N/A","N/A","Linkin Park","N/A","N/A","N/A","N/A","1957","N/A","N/A","N/A","N/A","161246053.685","N/A","N/A","N/A","150652351","799073661","N/A","N/A","N/A","41649113","374453854","N/A","N/A","N/A","22961","N/A","N/A","N/A","N/A","2358859","3871050","N/A","N/A","N/A","N/A","N/A"
"Heavy Is the Crown","2024-09-24","N/A","Rock","N/A","N/A","Linkin Park","N/A","N/A","N/A","N/A","1965","N/A","N/A","N/A","N/A","160909781.17999998","N/A","N/A","N/A","169706780","440191678","N/A","N/A","N/A","44064465","163104866","N/A","N/A","N/A","48794","N/A","N/A","N/A","N/A","24770","1996966","N/A","N/A","N/A","0","335165"
"Drive","1999-10-26","N/A","Rock","N/A","N/A","Incubus","N/A","N/A","N/A","N/A","1982","N/A","N/A","N/A","N/A","160034048.64","N/A","N/A","N/A","141130301","874557908","N/A","N/A","N/A","26773176","282342949","N/A","N/A","N/A","98269","N/A","N/A","N/A","N/A","N/A","N/A","N/A","N/A","N/A","0","4067739"
"Lovesong - 2010 Remaster","1989-05-02","N/A","Rock","N/A","N/A","The Cure","N/A","N/A","N/A","N/A","1984","N/A","N/A","N/A","N/A","160003558.04499996","N/A","N/A","N/A","82291284","419884998","N/A","N/A","N/A","12251030","134732208","N/A","N/A","N/A","82239","N/A","N/A","N/A","N/A","49428","237183","N/A","N/A","N/A","N/A","N/A"
"Plush","1992-09-29","N/A","Rock","N/A","N/A","Stone Temple Pilots","N/A","N/A","N/A","N/A","1986","N/A","N/A","N/A","N/A","159811670.985","N/A","N/A","N/A","73283525","424851862","N/A","N/A","N/A","32593751","232830638","N/A","N/A","N/A","126836","N/A","N/A","N/A","N/A","249448","1220151","N/A","N/A","N/A","N/A","N/A"
"Live Is Life","1997-01-01","N/A","Rock","N/A","N/A","Opus","N/A","N/A","N/A","N/A","1992","N/A","N/A","N/A","N/A","159598986.32","N/A","N/A","N/A","6859219","30882143","N/A","N/A","N/A","38381500","295446248","N/A","N/A","N/A","215900","N/A","N/A","N/A","N/A","N/A","N/A","N/A","N/A","N/A","N/A","N/A"
"All I Need","2007-12-28","N/A","Rock","N/A","N/A","Radiohead","N/A","N/A","N/A","N/A","1993","N/A","N/A","N/A","N/A","159531820.62","N/A","N/A","N/A","206444607","430269326","N/A","N/A","N/A","6225248","25941354","N/A","N/A","N/A","5304","N/A","N/A","N/A","N/A","575763","969640","N/A","N/A","N/A","0","452990"
"Down with the Sickness","2000-02-25","N/A","Rock","N/A","N/A","Disturbed","N/A","N/A","N/A","N/A","1999","N/A","N/A","N/A","N/A","159162817.005","N/A","N/A","N/A","126389344","995920250","N/A","N/A","N/A","56883524","486750043","N/A","N/A","N/A","44846","N/A","N/A","N/A","N/A","896274","13059668","N/A","N/A","N/A","N/A","N/A"
"Teenagers","2006-10-23","N/A","Rock","N/A","N/A","My Chemical Romance","N/A","N/A","N/A","N/A","2021","N/A","N/A","N/A","N/A","158314105.86499998","N/A","N/A","N/A","182054417","1290419973","N/A","N/A","N/A","14713955","248316604","N/A","N/A","N/A","20400","N/A","N/A","N/A","N/A","470208","13415409","N/A","N/A","N/A","N/A","N/A"
"Smells Like Teen Spirit","2017-06-30","N/A","Rock","N/A","N/A","Giovanni Sollima, Orchestra Notturna Clandestina, Kurt Cobain, Dave Grohl","N/A","N/A","N/A","N/A","2060","N/A","N/A","N/A","N/A","156540792.24","N/A","N/A","N/A","N/A","N/A","N/A","N/A","N/A","181066516","2157454484","N/A","N/A","N/A","N/A","N/A","N/A","N/A","N/A","N/A","N/A","N/A","N/A","N/A","N/A","N/A"
"Karma Police","1997-05-28","N/A","Rock","N/A","N/A","Radiohead","N/A","N/A","N/A","N/A","2072","N/A","N/A","N/A","N/A","156200610.26999998","N/A","N/A","N/A","163415413","836571499","N/A","N/A","N/A","17802797","140313694","N/A","N/A","N/A","60493","N/A","N/A","N/A","N/A","308078","995365","N/A","N/A","N/A","0","3170596"
"Bleed It Out","2007-05-11","N/A","Rock","N/A","N/A","Linkin Park","N/A","N/A","N/A","N/A","2087","N/A","N/A","N/A","N/A","155689954.14499998","N/A","N/A","N/A","167226198","914936047","N/A","N/A","N/A","20457636","211000294","N/A","N/A","N/A","24668","N/A","N/A","N/A","N/A","1101154","1107056","N/A","N/A","N/A","N/A","N/A"
"Rockstar","2005-01-01","N/A","Rock","N/A","N/A","Nickelback","N/A","N/A","N/A","N/A","2099","N/A","N/A","N/A","N/A","155311368.755","N/A","N/A","N/A","121397070","760719130","N/A","N/A","N/A","34887650","489218938","N/A","N/A","N/A","103335","N/A","N/A","N/A","N/A","195552","614901","N/A","N/A","N/A","0","3388518"
"Are You Gonna Be My Girl","2003-08-18","N/A","Rock","N/A","N/A","Jet","N/A","N/A","N/A","N/A","2197","N/A","N/A","N/A","N/A","150706403.02","N/A","N/A","N/A","124081106","844554693","N/A","N/A","N/A","21609346","251638673","N/A","N/A","N/A","126104","N/A","N/A","N/A","N/A","217133","1252389","N/A","N/A","N/A","20288","7037341"
"Man in the Box","1990-08-01","N/A","Rock","N/A","N/A","Alice In Chains","N/A","N/A","N/A","N/A","2220","N/A","N/A","N/A","N/A","149659685.52999997","N/A","N/A","N/A","135594720","634816580","N/A","N/A","N/A","23527764","215490636","N/A","N/A","N/A","86370","N/A","N/A","N/A","N/A","594692","1821142","N/A","N/A","N/A","N/A","N/A"
"Going Under","2003-03-04","N/A","Rock","N/A","N/A","Evanescence","N/A","N/A","N/A","N/A","2260","N/A","N/A","N/A","N/A","147574411.795","N/A","N/A","N/A","136618863","553009075","N/A","N/A","N/A","33428176","361321493","N/A","N/A","N/A","47315","N/A","N/A","N/A","N/A","137658","516118","N/A","N/A","N/A","0","1465326"
"All I Wanted","2009-09-22","N/A","Rock","N/A","N/A","Paramore","N/A","N/A","N/A","N/A","2274","N/A","N/A","N/A","N/A","146345498.565","N/A","N/A","N/A","172319428","536972728","N/A","N/A","N/A","13857454","62228769","N/A","N/A","N/A","4168","N/A","N/A","N/A","N/A","680530","1354905","N/A","N/A","N/A","N/A","N/A"
"Helena","2004-06-08","N/A","Rock","N/A","N/A","My Chemical Romance","N/A","N/A","N/A","N/A","2289","N/A","N/A","N/A","N/A","145260858.18999997","N/A","N/A","N/A","142383185","696182508","N/A","N/A","N/A","35415830","297036657","N/A","N/A","N/A","21010","N/A","N/A","N/A","N/A","338541","5783175","N/A","N/A","N/A","3011","1148115"
"Jakarta Hari Ini","2021-02-28","N/A","Rock","N/A","N/A","For revenge, Stereo Wall","N/A","N/A","N/A","N/A","2326","N/A","N/A","N/A","N/A","143321166.08","N/A","N/A","N/A","163934823","405475581","N/A","N/A","N/A","26332967","87999391","N/A","N/A","N/A","1132","N/A","N/A","N/A","N/A","N/A","N/A","N/A","N/A","N/A","0","22004"
"Breaking the Habit","2003-03-24","N/A","Rock","N/A","N/A","Linkin Park","N/A","N/A","N/A","N/A","2341","N/A","N/A","N/A","N/A","143060079.165","N/A","N/A","N/A","120964489","669663664","N/A","N/A","N/A","38531864","462829240","N/A","N/A","N/A","52973","N/A","N/A","N/A","N/A","1653804","1819590","N/A","N/A","N/A","N/A","N/A"
"The Pretender","2007-09-25","N/A","Rock","N/A","N/A","Foo Fighters","N/A","N/A","N/A","N/A","2372","N/A","N/A","N/A","N/A","141777027.60500002","N/A","N/A","N/A","114261578","1005577457","N/A","N/A","N/A","31575670","655814766","N/A","N/A","N/A","84745","N/A","N/A","N/A","N/A","181468","2818084","N/A","N/A","N/A","0","3059745"
"One","1991-11-18","N/A","Rock","N/A","N/A","U2","N/A","N/A","N/A","N/A","2386","N/A","N/A","N/A","N/A","141302022.89499998","N/A","N/A","N/A","81060945","738270363","N/A","N/A","N/A","30124030","507290809","N/A","N/A","N/A","179184","N/A","N/A","N/A","N/A","43099","187728","N/A","N/A","N/A","N/A","N/A"
"I Don't Love You","2006-10-23","N/A","Rock","N/A","N/A","My Chemical Romance","N/A","N/A","N/A","N/A","2387","N/A","N/A","N/A","N/A","141243133.045","N/A","N/A","N/A","122588385","507272258","N/A","N/A","N/A","53282241","292723381","N/A","N/A","N/A","8182","N/A","N/A","N/A","N/A","194022","3347816","N/A","N/A","N/A","1551","545751"
"This Must Be the Place (Naive Melody) - 2005 Remaster","1983-05-31","N/A","Rock","N/A","N/A","Talking Heads","N/A","N/A","N/A","N/A","2441","N/A","N/A","N/A","N/A","139221724.535","N/A","N/A","N/A","58555504","389445148","N/A","N/A","N/A","198943","6314216","N/A","N/A","N/A","18706","N/A","N/A","N/A","N/A","66242","377639","N/A","N/A","N/A","N/A","N/A"
"Fly Away","1998-05-12","N/A","Rock","N/A","N/A","Lenny Kravitz","N/A","N/A","N/A","N/A","2467","N/A","N/A","N/A","N/A","137776537.60999998","N/A","N/A","N/A","87712964","517501769","N/A","N/A","N/A","14550244","183194089","N/A","N/A","N/A","191469","N/A","N/A","N/A","N/A","318496","898859","N/A","N/A","N/A","N/A","N/A"
"Would?","1992-09-29","N/A","Rock","N/A","N/A","Alice In Chains","N/A","N/A","N/A","N/A","2505","N/A","N/A","N/A","N/A","136502899.48","N/A","N/A","N/A","107955608","537208583","N/A","N/A","N/A","34321347","265163346","N/A","N/A","N/A","72714","N/A","N/A","N/A","N/A","429870","1027885","N/A","N/A","N/A","0","1549203"
"I Bet on Losing Dogs","2016-06-17","N/A","Rock","N/A","N/A","Mitski","N/A","N/A","N/A","N/A","2512","N/A","N/A","N/A","N/A","136218587.5","N/A","N/A","N/A","164510367","682562245","N/A","N/A","N/A","14711750","45829146","N/A","N/A","N/A","410","N/A","N/A","N/A","N/A","1532774","8501419","N/A","N/A","N/A","0","759165"
"UN PESO","2019-06-28","N/A","Latin","N/A","N/A","J Balvin, Bad Bunny, Marciano Cantero","N/A","N/A","N/A","N/A","2525","N/A","N/A","N/A","N/A","135692981.15","N/A","N/A","N/A","134261531","809065403","N/A","N/A","N/A","62090226","519713053","N/A","N/A","N/A","4400","N/A","N/A","N/A","N/A","20564","102930","N/A","N/A","N/A","0","1376803"
"Numb / Encore","2004-11-30","N/A","Rock","N/A","N/A","JAY-Z, Linkin Park","N/A","N/A","N/A","N/A","2558","N/A","N/A","N/A","N/A","134250793.735","N/A","N/A","N/A","142775867","1286635300","N/A","N/A","N/A","11236963","73458252","N/A","N/A","N/A","46764","N/A","N/A","N/A","N/A","203623","1021251","N/A","N/A","N/A","4907","4738291"
"Far Away","2005-09-26","N/A","Rock","N/A","N/A","Nickelback","N/A","N/A","N/A","N/A","2662","N/A","N/A","N/A","N/A","131356110.84","N/A","N/A","N/A","98702440","551655321","N/A","N/A","N/A","38574075","588207348","N/A","N/A","N/A","75708","N/A","N/A","N/A","N/A","348762","1874001","N/A","N/A","N/A","0","3062782"
"Nutshell","1994-01-01","N/A","Rock","N/A","N/A","Alice In Chains","N/A","N/A","N/A","N/A","2677","N/A","N/A","N/A","N/A","130590303.515","N/A","N/A","N/A","130070568","436742754","N/A","N/A","N/A","23749977","80419138","N/A","N/A","N/A","13845","N/A","N/A","N/A","N/A","614844","1433502","N/A","N/A","N/A","N/A","N/A"
"In the Shadows","2003-02-03","N/A","Rock","N/A","N/A","The Rasmus","N/A","N/A","N/A","N/A","2714","N/A","N/A","N/A","N/A","129103135.54499999","N/A","N/A","N/A","77458103","327344137","N/A","N/A","N/A","34251331","303158767","N/A","N/A","N/A","137236","N/A","N/A","N/A","N/A","N/A","N/A","N/A","N/A","N/A","12408","4527439"
"Uprising","2009-09-10","N/A","Rock","N/A","N/A","Muse","N/A","N/A","N/A","N/A","2727","N/A","N/A","N/A","N/A","128557203.58000001","N/A","N/A","N/A","110045955","814717085","N/A","N/A","N/A","22770043","337475680","N/A","N/A","N/A","81825","N/A","N/A","N/A","N/A","282244","7529654","N/A","N/A","N/A","13519","7171219"
"Missed Call","2021-01-29","N/A","Rock","N/A","N/A","Treaty Oak Revival","N/A","N/A","N/A","N/A","2750","N/A","N/A","N/A","N/A","127834257.89999999","N/A","N/A","N/A","167371245","304012034","N/A","N/A","N/A","N/A","N/A","N/A","N/A","N/A","2219","N/A","N/A","N/A","N/A","N/A","N/A","N/A","N/A","N/A","0","126102"
"Hard Times","2017-04-19","N/A","Rock","N/A","N/A","Paramore","N/A","N/A","N/A","N/A","2757","N/A","N/A","N/A","N/A","127690923.28499998","N/A","N/A","N/A","151425407","690472832","N/A","N/A","N/A","8783865","161441227","N/A","N/A","N/A","16839","N/A","N/A","N/A","N/A","1331815","2457289","N/A","N/A","N/A","10746","1928632"
"did i tell u that i miss u","1901-12-13","N/A","Rock","N/A","N/A","adore","N/A","N/A","N/A","N/A","2808","N/A","N/A","N/A","N/A","126055938.52","N/A","N/A","N/A","125729718","241733948","N/A","N/A","N/A","29044270","40803503","N/A","N/A","N/A","265","N/A","N/A","N/A","N/A","5056405","9627101","N/A","N/A","N/A","N/A","N/A"
"Runaway Train","1992-10-06","N/A","Rock","N/A","N/A","Soul Asylum","N/A","N/A","N/A","N/A","2828","N/A","N/A","N/A","N/A","125404647.56","N/A","N/A","N/A","47277756","394169019","N/A","N/A","N/A","20003775","292549304","N/A","N/A","N/A","239785","N/A","N/A","N/A","N/A","47474","291689","N/A","N/A","N/A","N/A","N/A"
"The Bad Touch","1999-10-04","N/A","Rock","N/A","N/A","Bloodhound Gang","N/A","N/A","N/A","N/A","2846","N/A","N/A","N/A","N/A","124813053.85","N/A","N/A","N/A","73084067","450449898","N/A","N/A","N/A","35568826","600722428","N/A","N/A","N/A","129960","N/A","N/A","N/A","N/A","N/A","N/A","N/A","N/A","N/A","0","6205902"
"Sadrah","2024-03-18","N/A","Rock","N/A","N/A","For revenge","N/A","N/A","N/A","N/A","2866","N/A","N/A","N/A","N/A","124264378.09000002","N/A","N/A","N/A","89528842","145937169","N/A","N/A","N/A","63560307","91369270","N/A","N/A","N/A","1103","N/A","N/A","N/A","N/A","N/A","N/A","N/A","N/A","N/A","N/A","N/A"
"Immortals","2015-01-16","N/A","Rock","N/A","N/A","Fall Out Boy","N/A","N/A","N/A","N/A","2874","N/A","N/A","N/A","N/A","123915595.06","N/A","N/A","N/A","22402079","161162504","N/A","N/A","N/A","46810644","562638676","N/A","N/A","N/A","9686","N/A","N/A","N/A","N/A","30070","12590086","N/A","N/A","N/A","10574","4326692"
"The Diary of Jane - Single Version","2006-01-01","N/A","Rock","N/A","N/A","Breaking Benjamin","N/A","N/A","N/A","N/A","2887","N/A","N/A","N/A","N/A","123492728.86999997","N/A","N/A","N/A","108409695","792818672","N/A","N/A","N/A","34539697","366557102","N/A","N/A","N/A","31245","N/A","N/A","N/A","N/A","302835","1545117","N/A","N/A","N/A","11532","1498406"
"Everybody Hurts","1992-10-05","N/A","Rock","N/A","N/A","R.E.M.","N/A","N/A","N/A","N/A","2936","N/A","N/A","N/A","N/A","122259272.38000003","N/A","N/A","N/A","74196566","569788549","N/A","N/A","N/A","22253602","232497913","N/A","N/A","N/A","159275","N/A","N/A","N/A","N/A","14130","559047","N/A","N/A","N/A","N/A","N/A"
"Lips Of An Angel","2005-01-01","N/A","Rock","N/A","N/A","Hinder","N/A","N/A","N/A","N/A","2962","N/A","N/A","N/A","N/A","121621465.46499999","N/A","N/A","N/A","94519363","530981147","N/A","N/A","N/A","47405754","509560845","N/A","N/A","N/A","30011","N/A","N/A","N/A","N/A","201101","1102050","N/A","N/A","N/A","N/A","N/A"
"Everybody's Changing - Dolby Stereo","2007-01-01","N/A","Rock","N/A","N/A","Keane","N/A","N/A","N/A","N/A","2973","N/A","N/A","N/A","N/A","N/A","N/A","N/A","N/A","N/A","N/A","N/A","N/A","N/A","N/A","N/A","N/A","N/A","N/A","N/A","N/A","N/A","N/A","N/A","N/A","N/A","N/A","N/A","N/A","N/A","N/A"
"It's My Life - 1997 Remaster","1984-01-01","N/A","Rock","N/A","N/A","Talk Talk","N/A","N/A","N/A","N/A","2985","N/A","N/A","N/A","N/A","121029153.685","N/A","N/A","N/A","52277472","312079025","N/A","N/A","N/A","15878261","81049326","N/A","N/A","N/A","223783","N/A","N/A","N/A","N/A","N/A","N/A","N/A","N/A","N/A","N/A","N/A"
"Beautiful Day","2000-01-01","N/A","Rock","N/A","N/A","U2","N/A","N/A","N/A","N/A","2986","N/A","N/A","N/A","N/A","121010618.285","N/A","N/A","N/A","74585530","721240415","N/A","N/A","N/A","11715305","221155778","N/A","N/A","N/A","180724","N/A","N/A","N/A","N/A","89543","517163","N/A","N/A","N/A","8374","2915889"
"Lying from You","2003-03-24","N/A","Rock","N/A","N/A","Linkin Park","N/A","N/A","N/A","N/A","3009","N/A","N/A","N/A","N/A","120431791.12500001","N/A","N/A","N/A","132954870","481697978","N/A","N/A","N/A","12740140","80818163","N/A","N/A","N/A","8668","N/A","N/A","N/A","N/A","2615080","2837367","N/A","N/A","N/A","N/A","N/A"
"Buddy Holly","1994-05-10","N/A","Rock","N/A","N/A","Weezer","N/A","N/A","N/A","N/A","3073","N/A","N/A","N/A","N/A","118907866.35499999","N/A","N/A","N/A","103994298","596677986","N/A","N/A","N/A","15374766","122799111","N/A","N/A","N/A","85468","N/A","N/A","N/A","N/A","153957","913780","N/A","N/A","N/A","4322","1850479"
"Mrs Magic (Strings Version)","2023-10-04","N/A","Rock","N/A","N/A","Strawberry Guy","N/A","N/A","N/A","N/A","3114","N/A","N/A","N/A","N/A","117518423.82","N/A","N/A","N/A","129584553","135086488","N/A","N/A","N/A","8982432","9063053","N/A","N/A","N/A","N/A","N/A","N/A","N/A","N/A","1466155","1656149","N/A","N/A","N/A","0","854"
"One Headlight","1996-01-01","N/A","Rock","N/A","N/A","The Wallflowers","N/A","N/A","N/A","N/A","3145","N/A","N/A","N/A","N/A","116789505.27","N/A","N/A","N/A","70443272","427084992","N/A","N/A","N/A","39537406","369988693","N/A","N/A","N/A","98873","N/A","N/A","N/A","N/A","82411","615772","N/A","N/A","N/A","0","4982598"
"High and Dry","1995-02-27","N/A","Rock","N/A","N/A","Radiohead","N/A","N/A","N/A","N/A","3152","N/A","N/A","N/A","N/A","116507408.76000002","N/A","N/A","N/A","118622250","640026126","N/A","N/A","N/A","13318111","116636954","N/A","N/A","N/A","51374","N/A","N/A","N/A","N/A","147139","598457","N/A","N/A","N/A","0","2547827"
"Learn to Fly","1999-11-02","N/A","Rock","N/A","N/A","Foo Fighters","N/A","N/A","N/A","N/A","3196","N/A","N/A","N/A","N/A","115243734.96999998","N/A","N/A","N/A","82412566","746872667","N/A","N/A","N/A","9796245","215622784","N/A","N/A","N/A","147059","N/A","N/A","N/A","N/A","142598","4286641","N/A","N/A","N/A","0","2840598"
"Human","2008-01-01","N/A","Rock","N/A","N/A","The Killers","N/A","N/A","N/A","N/A","3197","N/A","N/A","N/A","N/A","115241529.56999998","N/A","N/A","N/A","83648076","702668745","N/A","N/A","N/A","9763808","221525822","N/A","N/A","N/A","141436","N/A","N/A","N/A","N/A","226981","1625954","N/A","N/A","N/A","6804","5180545"
"Close To Me","1985-08-26","N/A","Rock","N/A","N/A","The Cure","N/A","N/A","N/A","N/A","3213","N/A","N/A","N/A","N/A","114838767.38999999","N/A","N/A","N/A","49660669","437977334","N/A","N/A","N/A","4848966","70811488","N/A","N/A","N/A","117343","N/A","N/A","N/A","N/A","38046","218279","N/A","N/A","N/A","N/A","N/A"
"Zombie","2025-05-30","N/A","Rock","N/A","N/A","YUNGBLUD","N/A","N/A","N/A","N/A","3225","N/A","N/A","N/A","N/A","114623788.56","N/A","N/A","N/A","84973114","85849267","N/A","N/A","N/A","27720629","37838510","N/A","N/A","N/A","57397","N/A","N/A","N/A","N/A","684708","690946","N/A","N/A","N/A","N/A","N/A"
"New Divide","2009-05-18","N/A","Rock","N/A","N/A","Linkin Park","N/A","N/A","N/A","N/A","3242","N/A","N/A","N/A","N/A","114300003.005","N/A","N/A","N/A","77455335","482349874","N/A","N/A","N/A","52857865","744462655","N/A","N/A","N/A","33071","N/A","N/A","N/A","N/A","26037","1470773","N/A","N/A","N/A","0","2852422"
"Penyangkalan","2024-07-16","N/A","Rock","N/A","N/A","For revenge","N/A","N/A","N/A","N/A","3273","N/A","N/A","N/A","N/A","113630670.89000002","N/A","N/A","N/A","135110534","221393649","N/A","N/A","N/A","16183415","32944926","N/A","N/A","N/A","1645","N/A","N/A","N/A","N/A","N/A","N/A","N/A","N/A","N/A","N/A","N/A"
"My Songs Know What You Did In The Dark (Light Em Up)","2013-01-01","N/A","Rock","N/A","N/A","Fall Out Boy","N/A","N/A","N/A","N/A","3298","N/A","N/A","N/A","N/A","113157135.50000001","N/A","N/A","N/A","105002467","845704449","N/A","N/A","N/A","28354536","301249637","N/A","N/A","N/A","25031","N/A","N/A","N/A","N/A","70209","640990","N/A","N/A","N/A","9359","5895001"
"Burn It to the Ground","2008-10-28","N/A","Rock","N/A","N/A","Nickelback","N/A","N/A","N/A","N/A","3340","N/A","N/A","N/A","N/A","112408154.17000002","N/A","N/A","N/A","116486385","609444705","N/A","N/A","N/A","20235984","149860727","N/A","N/A","N/A","17921","N/A","N/A","N/A","N/A","769867","6397972","N/A","N/A","N/A","N/A","N/A"
"Hero","2009-06-30","N/A","Rock","N/A","N/A","Skillet","N/A","N/A","N/A","N/A","3365","N/A","N/A","N/A","N/A","111665487.88","N/A","N/A","N/A","96407711","603308665","N/A","N/A","N/A","39691467","507109220","N/A","N/A","N/A","10422","N/A","N/A","N/A","N/A","617029","1106539","N/A","N/A","N/A","N/A","N/A"
"Exit Music (For A Film)","1997-05-28","N/A","Rock","N/A","N/A","Radiohead","N/A","N/A","N/A","N/A","3375","N/A","N/A","N/A","N/A","111534489.005","N/A","N/A","N/A","142588135","453908785","N/A","N/A","N/A","2980624","37431992","N/A","N/A","N/A","3778","N/A","N/A","N/A","N/A","222210","604523","N/A","N/A","N/A","0","3060756"
"Creep","1992-09-29","N/A","Rock","N/A","N/A","Stone Temple Pilots","N/A","N/A","N/A","N/A","3383","N/A","N/A","N/A","N/A","111431375.185","N/A","N/A","N/A","59179977","245534699","N/A","N/A","N/A","13710948","97145833","N/A","N/A","N/A","49434","N/A","N/A","N/A","N/A","318038","879488","N/A","N/A","N/A","N/A","N/A"
"No Rain","1992-01-01","N/A","Rock","N/A","N/A","Blind Melon","N/A","N/A","N/A","N/A","3386","N/A","N/A","N/A","N/A","111405290.37","N/A","N/A","N/A","65634403","617528967","N/A","N/A","N/A","12217723","129723311","N/A","N/A","N/A","169383","N/A","N/A","N/A","N/A","N/A","N/A","N/A","N/A","N/A","0","4421488"
"Blurry","2001-01-01","N/A","Rock","N/A","N/A","Puddle Of Mudd","N/A","N/A","N/A","N/A","3422","N/A","N/A","N/A","N/A","110531066.73499998","N/A","N/A","N/A","80453984","410996077","N/A","N/A","N/A","31544838","299344576","N/A","N/A","N/A","71637","N/A","N/A","N/A","N/A","N/A","N/A","N/A","N/A","N/A","N/A","N/A"
"Starlight","2006-06-19","N/A","Rock","N/A","N/A","Muse","N/A","N/A","N/A","N/A","3436","N/A","N/A","N/A","N/A","110300156.14500003","N/A","N/A","N/A","98322538","571583620","N/A","N/A","N/A","19083539","233634691","N/A","N/A","N/A","63327","N/A","N/A","N/A","N/A","72480","336258","N/A","N/A","N/A","7753","4338857"
"Bullet With Butterfly Wings - Remastered 2012","1995-01-01","N/A","Rock","N/A","N/A","The Smashing Pumpkins","N/A","N/A","N/A","N/A","3463","N/A","N/A","N/A","N/A","109765373.51","N/A","N/A","N/A","102191530","566605592","N/A","N/A","N/A","11382098","107747848","N/A","N/A","N/A","72645","N/A","N/A","N/A","N/A","288538","1358435","N/A","N/A","N/A","N/A","N/A"
"Smooth Criminal","2001-01-01","N/A","Rock","N/A","N/A","Alien Ant Farm","N/A","N/A","N/A","N/A","3479","N/A","N/A","N/A","N/A","109459286.53","N/A","N/A","N/A","71392738","624048144","N/A","N/A","N/A","37201382","398216720","N/A","N/A","N/A","81818","N/A","N/A","N/A","N/A","162157","1008877","N/A","N/A","N/A","0","3044616"
"1979 - Remastered 2012","1995-01-01","N/A","Rock","N/A","N/A","The Smashing Pumpkins","N/A","N/A","N/A","N/A","3499","N/A","N/A","N/A","N/A","109088207.49999999","N/A","N/A","N/A","143765490","885068199","N/A","N/A","N/A","N/A","N/A","N/A","N/A","N/A","N/A","N/A","N/A","N/A","N/A","249177","1449548","N/A","N/A","N/A","N/A","N/A"
"Sana Güvenmiyorum - Dedub Sessions","2024-11-01","N/A","Rock","N/A","N/A","Dedublüman, Aleyna Tilki","N/A","N/A","N/A","N/A","3509","N/A","N/A","N/A","N/A","108849331.74000001","N/A","N/A","N/A","81630444","177992889","N/A","N/A","N/A","59177582","131324840","N/A","N/A","N/A","9292","N/A","N/A","N/A","N/A","N/A","N/A","N/A","N/A","N/A","0","236842"
"Alive","1991-08-27","N/A","Rock","N/A","N/A","Pearl Jam","N/A","N/A","N/A","N/A","3542","N/A","N/A","N/A","N/A","108161126.525","N/A","N/A","N/A","84911775","691174756","N/A","N/A","N/A","5188424","106935849","N/A","N/A","N/A","130094","N/A","N/A","N/A","N/A","138069","670257","N/A","N/A","N/A","0","2834320"
"One More Light","2017-05-19","N/A","Rock","N/A","N/A","Linkin Park","N/A","N/A","N/A","N/A","3544","N/A","N/A","N/A","N/A","108158115.10000001","N/A","N/A","N/A","94104510","544384412","N/A","N/A","N/A","34601621","414665227","N/A","N/A","N/A","15796","N/A","N/A","N/A","N/A","1212686","3270718","N/A","N/A","N/A","0","1991203"
"When I'm Gone","2002-01-01","N/A","Rock","N/A","N/A","3 Doors Down","N/A","N/A","N/A","N/A","3560","N/A","N/A","N/A","N/A","107742940.565","N/A","N/A","N/A","87878469","403492214","N/A","N/A","N/A","25825732","256601020","N/A","N/A","N/A","53491","N/A","N/A","N/A","N/A","626502","2784999","N/A","N/A","N/A","0","2061801"
"Lullaby - 2010 Remaster","1989-05-02","N/A","Rock","N/A","N/A","The Cure","N/A","N/A","N/A","N/A","3565","N/A","N/A","N/A","N/A","107552936.81499998","N/A","N/A","N/A","46376840","256951492","N/A","N/A","N/A","9579223","110789943","N/A","N/A","N/A","90480","N/A","N/A","N/A","N/A","6922","84721","N/A","N/A","N/A","N/A","N/A"
"Mrs Magic","2019-07-22","N/A","Rock","N/A","N/A","Strawberry Guy","N/A","N/A","N/A","N/A","3571","N/A","N/A","N/A","N/A","107433622.495","N/A","N/A","N/A","138080941","672540287","N/A","N/A","N/A","2325439","11944446","N/A","N/A","N/A","661","N/A","N/A","N/A","N/A","N/A","N/A","N/A","N/A","N/A","N/A","N/A"
"When You Were Young","2006-01-01","N/A","Rock","N/A","N/A","The Killers","N/A","N/A","N/A","N/A","3584","N/A","N/A","N/A","N/A","107088307.225","N/A","N/A","N/A","110176576","836629567","N/A","N/A","N/A","7678077","197364828","N/A","N/A","N/A","53686","N/A","N/A","N/A","N/A","145405","1176919","N/A","N/A","N/A","N/A","N/A"
"Cuando Pase el Temblor","1983-11-26","N/A","Rock","N/A","N/A","Soda Stereo","N/A","N/A","N/A","N/A","3617","N/A","N/A","N/A","N/A","106494858.755","N/A","N/A","N/A","106595603","567996734","N/A","N/A","N/A","33347444","243266063","N/A","N/A","N/A","3677","N/A","N/A","N/A","N/A","1667","6627","N/A","N/A","N/A","N/A","N/A"
"This Charming Man - 2011 Remaster","1984-02-20","N/A","Rock","N/A","N/A","The Smiths","N/A","N/A","N/A","N/A","3619","N/A","N/A","N/A","N/A","106400869.96499999","N/A","N/A","N/A","122320792","731643850","N/A","N/A","N/A","15256935","127408394","N/A","N/A","N/A","504","N/A","N/A","N/A","N/A","121836","479909","N/A","N/A","N/A","N/A","N/A"
"Deceptacon","1999-01-11","N/A","Rock","N/A","N/A","Le Tigre","N/A","N/A","N/A","N/A","3633","N/A","N/A","N/A","N/A","106202807.19999999","N/A","N/A","N/A","138516935","413830036","N/A","N/A","N/A","N/A","N/A","N/A","N/A","N/A","4914","N/A","N/A","N/A","N/A","N/A","N/A","N/A","N/A","N/A","N/A","N/A"
"Jigsaw Falling Into Place","2007-12-28","N/A","Rock","N/A","N/A","Radiohead","N/A","N/A","N/A","N/A","3677","N/A","N/A","N/A","N/A","105346829.69999999","N/A","N/A","N/A","125513513","407254896","N/A","N/A","N/A","9241552","53311388","N/A","N/A","N/A","7383","N/A","N/A","N/A","N/A","229372","530592","N/A","N/A","N/A","0","593300"
"Down In A Hole","1992-09-29","N/A","Rock","N/A","N/A","Alice In Chains","N/A","N/A","N/A","N/A","3694","N/A","N/A","N/A","N/A","105058727.97999997","N/A","N/A","N/A","49332000","231000215","N/A","N/A","N/A","23242629","181398864","N/A","N/A","N/A","33960","N/A","N/A","N/A","N/A","111262","258887","N/A","N/A","N/A","0","646052"
"Hysteria","2003-09-15","N/A","Rock","N/A","N/A","Muse","N/A","N/A","N/A","N/A","3706","N/A","N/A","N/A","N/A","104889032.335","N/A","N/A","N/A","107643853","457625894","N/A","N/A","N/A","18030350","198004778","N/A","N/A","N/A","23831","N/A","N/A","N/A","N/A","235687","4878369","N/A","N/A","N/A","2984","1012062"
"Personal Jesus","1990-03-19","N/A","Rock","N/A","N/A","Depeche Mode","N/A","N/A","N/A","N/A","3713","N/A","N/A","N/A","N/A","104724269.20499998","N/A","N/A","N/A","6639452","108275151","N/A","N/A","N/A","14934936","263830006","N/A","N/A","N/A","185538","N/A","N/A","N/A","N/A","22872","2654944","N/A","N/A","N/A","N/A","N/A"
"My Hero","1997-05-20","N/A","Rock","N/A","N/A","Foo Fighters","N/A","N/A","N/A","N/A","3722","N/A","N/A","N/A","N/A","104596662.075","N/A","N/A","N/A","84535765","584830191","N/A","N/A","N/A","12683784","138510342","N/A","N/A","N/A","94928","N/A","N/A","N/A","N/A","268616","1115253","N/A","N/A","N/A","0","2236781"
"Pride (In The Name Of Love)","1984-10-01","N/A","Rock","N/A","N/A","U2","N/A","N/A","N/A","N/A","3747","N/A","N/A","N/A","N/A","104220008.345","N/A","N/A","N/A","40858723","358939571","N/A","N/A","N/A","8071937","136555638","N/A","N/A","N/A","221401","N/A","N/A","N/A","N/A","91610","453757","N/A","N/A","N/A","7187","2215960"
"Ain't It Fun","2013-04-05","N/A","Rock","N/A","N/A","Paramore","N/A","N/A","N/A","N/A","3759","N/A","N/A","N/A","N/A","103970449.21000001","N/A","N/A","N/A","110355011","665028664","N/A","N/A","N/A","9106687","189137464","N/A","N/A","N/A","33601","N/A","N/A","N/A","N/A","1422465","4247682","N/A","N/A","N/A","6509","4162447"
"Sex & Candy","1997-01-01","N/A","Rock","N/A","N/A","Marcy Playground","N/A","N/A","N/A","N/A","3774","N/A","N/A","N/A","N/A","103494518.55999999","N/A","N/A","N/A","52499547","337247437","N/A","N/A","N/A","4342473","64999508","N/A","N/A","N/A","67089","N/A","N/A","N/A","N/A","N/A","N/A","N/A","N/A","N/A","N/A","N/A"
"I'm Not Okay (I Promise)","2004-06-08","N/A","Rock","N/A","N/A","My Chemical Romance","N/A","N/A","N/A","N/A","3787","N/A","N/A","N/A","N/A","103274001.275","N/A","N/A","N/A","111478040","674646237","N/A","N/A","N/A","15795677","160906821","N/A","N/A","N/A","15183","N/A","N/A","N/A","N/A","284376","772026","N/A","N/A","N/A","1683","683248"
"CASTLE OF GLASS","2012-06-20","N/A","Rock","N/A","N/A","Linkin Park","N/A","N/A","N/A","N/A","3793","N/A","N/A","N/A","N/A","103219668.74500003","N/A","N/A","N/A","87939768","538518208","N/A","N/A","N/A","24423125","687752883","N/A","N/A","N/A","48436","N/A","N/A","N/A","N/A","5892","352620","N/A","N/A","N/A","N/A","N/A"
"Glycerine - Remastered","1994-12-06","N/A","Rock","N/A","N/A","Bush","N/A","N/A","N/A","N/A","3824","N/A","N/A","N/A","N/A","102662342.99000001","N/A","N/A","N/A","47845755","307976065","N/A","N/A","N/A","13277090","117215549","N/A","N/A","N/A","62419","N/A","N/A","N/A","N/A","115706","192742","N/A","N/A","N/A","N/A","N/A"
"Rhinestone Eyes","2010-03-03","N/A","Rock","N/A","N/A","Gorillaz","N/A","N/A","N/A","N/A","3865","N/A","N/A","N/A","N/A","101857106.535","N/A","N/A","N/A","113246552","655483044","N/A","N/A","N/A","16983748","156935950","N/A","N/A","N/A","4246","N/A","N/A","N/A","N/A","283037","850985","N/A","N/A","N/A","4098","2607759"
"Best of You","2005-06-14","N/A","Rock","N/A","N/A","Foo Fighters","N/A","N/A","N/A","N/A","3935","N/A","N/A","N/A","N/A","100691882.44","N/A","N/A","N/A","74930634","784984599","N/A","N/A","N/A","15404128","310622372","N/A","N/A","N/A","99995","N/A","N/A","N/A","N/A","132399","686835","N/A","N/A","N/A","0","2252888"
"Paralyzer","2007-01-01","N/A","Rock","N/A","N/A","Finger Eleven","N/A","N/A","N/A","N/A","3984","N/A","N/A","N/A","N/A","99862795.88999999","N/A","N/A","N/A","104708117","544966736","N/A","N/A","N/A","5945076","70222833","N/A","N/A","N/A","47944","N/A","N/A","N/A","N/A","504941","3349627","N/A","N/A","N/A","N/A","N/A"
"Just Can't Get Enough","1981-11-02","N/A","Rock","N/A","N/A","Depeche Mode","N/A","N/A","N/A","N/A","4036","N/A","N/A","N/A","N/A","98947688.845","N/A","N/A","N/A","18080374","549313461","N/A","N/A","N/A","11647199","109629972","N/A","N/A","N/A","183486","N/A","N/A","N/A","N/A","79489","367599","N/A","N/A","N/A","N/A","N/A"
"Show Me How to Live","2002-11-17","N/A","Rock","N/A","N/A","Audioslave","N/A","N/A","N/A","N/A","4079","N/A","N/A","N/A","N/A","98007658.125","N/A","N/A","N/A","88727317","422477494","N/A","N/A","N/A","18989166","218539569","N/A","N/A","N/A","42730","N/A","N/A","N/A","N/A","215915","872330","N/A","N/A","N/A","N/A","N/A"
"Are You Gonna Go My Way","1993-03-09","N/A","Rock","N/A","N/A","Lenny Kravitz","N/A","N/A","N/A","N/A","4113","N/A","N/A","N/A","N/A","97434332.36999999","N/A","N/A","N/A","57559603","516694339","N/A","N/A","N/A","8861299","121253872","N/A","N/A","N/A","152914","N/A","N/A","N/A","N/A","100477","317901","N/A","N/A","N/A","N/A","N/A"
"Never Too Late","2006-06-13","N/A","Rock","N/A","N/A","Three Days Grace","N/A","N/A","N/A","N/A","4140","N/A","N/A","N/A","N/A","97044103.195","N/A","N/A","N/A","95157634","464145069","N/A","N/A","N/A","19861591","370737010","N/A","N/A","N/A","23663","N/A","N/A","N/A","N/A","367784","1483538","N/A","N/A","N/A","N/A","N/A"
"Shiny Happy People","1991-03-12","N/A","Rock","N/A","N/A","R.E.M.","N/A","N/A","N/A","N/A","4153","N/A","N/A","N/A","N/A","96757317.90999998","N/A","N/A","N/A","53594319","433534136","N/A","N/A","N/A","7601646","96708427","N/A","N/A","N/A","165629","N/A","N/A","N/A","N/A","5895","373948","N/A","N/A","N/A","0","3308894"
"Beds Are Burning","1987-06-22","N/A","Rock","N/A","N/A","Midnight Oil","N/A","N/A","N/A","N/A","4206","N/A","N/A","N/A","N/A","95839814.92999999","N/A","N/A","N/A","N/A","N/A","N/A","N/A","N/A","29324645","311486827","N/A","N/A","N/A","233307","N/A","N/A","N/A","N/A","23010","100257","N/A","N/A","N/A","N/A","N/A"
"Persiana Americana","1983-11-26","N/A","Rock","N/A","N/A","Soda Stereo","N/A","N/A","N/A","N/A","4228","N/A","N/A","N/A","N/A","95451307.26500002","N/A","N/A","N/A","85537372","549235534","N/A","N/A","N/A","15213797","101639225","N/A","N/A","N/A","55618","N/A","N/A","N/A","N/A","6175","30257","N/A","N/A","N/A","N/A","N/A"
"No One Knows","2002-01-01","N/A","Rock","N/A","N/A","Queens of the Stone Age","N/A","N/A","N/A","N/A","4252","N/A","N/A","N/A","N/A","95118406.67500001","N/A","N/A","N/A","79819441","596846092","N/A","N/A","N/A","14427178","209356640","N/A","N/A","N/A","73884","N/A","N/A","N/A","N/A","154898","889550","N/A","N/A","N/A","N/A","N/A"
"When the Sun Hits","1993-01-01","N/A","Rock","N/A","N/A","Slowdive","N/A","N/A","N/A","N/A","4343","N/A","N/A","N/A","N/A","93675466.875","N/A","N/A","N/A","115242118","292569317","N/A","N/A","N/A","6127695","20140940","N/A","N/A","N/A","2904","N/A","N/A","N/A","N/A","271358","615035","N/A","N/A","N/A","N/A","N/A"
"Say It Ain't So","1994-05-10","N/A","Rock","N/A","N/A","Weezer","N/A","N/A","N/A","N/A","4344","N/A","N/A","N/A","N/A","93660759.09","N/A","N/A","N/A","101404897","683967543","N/A","N/A","N/A","17943364","192158406","N/A","N/A","N/A","2046","N/A","N/A","N/A","N/A","214334","1661333","N/A","N/A","N/A","4181","2380728"
"Rooster","1992-09-29","N/A","Rock","N/A","N/A","Alice In Chains","N/A","N/A","N/A","N/A","4352","N/A","N/A","N/A","N/A","93512337.715","N/A","N/A","N/A","77135376","358111033","N/A","N/A","N/A","19665096","195588698","N/A","N/A","N/A","51176","N/A","N/A","N/A","N/A","492941","1503791","N/A","N/A","N/A","0","1883127"
"Forget Her","1994-01-01","N/A","Rock","N/A","N/A","Jeff Buckley","N/A","N/A","N/A","N/A","4354","N/A","N/A","N/A","N/A","93489337.91999999","N/A","N/A","N/A","64847414","112536762","N/A","N/A","N/A","1438451","11662004","N/A","N/A","N/A","842","N/A","N/A","N/A","N/A","177284","242555","N/A","N/A","N/A","0","77620"
"Tubthumping","1997-01-01","N/A","Rock","N/A","N/A","Chumbawamba","N/A","N/A","N/A","N/A","4420","N/A","N/A","N/A","N/A","92411609.38","N/A","N/A","N/A","48939225","306361097","N/A","N/A","N/A","653765","12266438","N/A","N/A","N/A","179646","N/A","N/A","N/A","N/A","N/A","N/A","N/A","N/A","N/A","0","8247481"
"Leave Out All The Rest","2007-05-11","N/A","Rock","N/A","N/A","Linkin Park","N/A","N/A","N/A","N/A","4449","N/A","N/A","N/A","N/A","92085990.38","N/A","N/A","N/A","80247417","414918884","N/A","N/A","N/A","28332378","340359112","N/A","N/A","N/A","21946","N/A","N/A","N/A","N/A","303790","308721","N/A","N/A","N/A","N/A","N/A"
"Face Down","2006-01-01","N/A","Rock","N/A","N/A","The Red Jumpsuit Apparatus","N/A","N/A","N/A","N/A","4484","N/A","N/A","N/A","N/A","91486115.35999998","N/A","N/A","N/A","89305641","674005292","N/A","N/A","N/A","20748128","254619696","N/A","N/A","N/A","19780","N/A","N/A","N/A","N/A","201360","1301306","N/A","N/A","N/A","4497","1766999"
"Kangen","2005-12-01","N/A","Rock","N/A","N/A","Dewa, Dewa 19","N/A","N/A","N/A","N/A","4514","N/A","N/A","N/A","N/A","91092527.41499998","N/A","N/A","N/A","3302081","27514842","N/A","N/A","N/A","27532102","172840699","N/A","N/A","N/A","565","N/A","N/A","N/A","N/A","N/A","N/A","N/A","N/A","N/A","N/A","N/A"
"Sunday Bloody Sunday","1983-02-28","N/A","Rock","N/A","N/A","U2","N/A","N/A","N/A","N/A","4609","N/A","N/A","N/A","N/A","89757078.14","N/A","N/A","N/A","54515244","513609098","N/A","N/A","N/A","1128907","25680907","N/A","N/A","N/A","157905","N/A","N/A","N/A","N/A","41305","164542","N/A","N/A","N/A","8053","2618070"
"Everybody Here Wants You","1998-05-26","N/A","Rock","N/A","N/A","Jeff Buckley","N/A","N/A","N/A","N/A","4649","N/A","N/A","N/A","N/A","89138828.88499999","N/A","N/A","N/A","111350773","146413028","N/A","N/A","N/A","2726858","9333431","N/A","N/A","N/A","1691","N/A","N/A","N/A","N/A","172763","199992","N/A","N/A","N/A","0","219147"
"Céu Azul - Ao Vivo","2012-01-01","N/A","Rock","N/A","N/A","Charlie Brown Jr","N/A","N/A","N/A","N/A","4700","N/A","N/A","N/A","N/A","88419669.85","N/A","N/A","N/A","29654443","193269777","N/A","N/A","N/A","45131382","277899745","N/A","N/A","N/A","19488","N/A","N/A","N/A","N/A","N/A","N/A","N/A","N/A","N/A","0","329232"
"Trátame Suavemente - Remasterizado 2007","1984-02-06","N/A","Rock","N/A","N/A","Soda Stereo","N/A","N/A","N/A","N/A","4754","N/A","N/A","N/A","N/A","87675616.39499998","N/A","N/A","N/A","86514631","511112692","N/A","N/A","N/A","25435648","280400860","N/A","N/A","N/A","544","N/A","N/A","N/A","N/A","3602","11372","N/A","N/A","N/A","N/A","N/A"
"Photograph","2005-09-26","N/A","Rock","N/A","N/A","Nickelback","N/A","N/A","N/A","N/A","4756","N/A","N/A","N/A","N/A","87673218.565","N/A","N/A","N/A","62000333","390971553","N/A","N/A","N/A","15920858","354741318","N/A","N/A","N/A","88592","N/A","N/A","N/A","N/A","286125","905436","N/A","N/A","N/A","0","1601871"
"Closing Time","1998-03-24","N/A","Rock","N/A","N/A","Semisonic","N/A","N/A","N/A","N/A","4769","N/A","N/A","N/A","N/A","87539113.245","N/A","N/A","N/A","65805925","563829245","N/A","N/A","N/A","7863643","165118696","N/A","N/A","N/A","101888","N/A","N/A","N/A","N/A","N/A","N/A","N/A","N/A","N/A","15609","4493546"